label,time_ms,precision,ops_theory
"Gauss bez pivotu",10.9211158752,0,21845
"Gauss z pivotem",14.8522377014,0,22341
"LU bez pivotu",21.4840173721,4.66014144189e-13,21845
"LU z pivotem",22.413520813,4.32439765488e-15,22341
"lu Octave",0.0345834493637,2.63379041524e-15,22341
