label,time_ms,precision,ops_theory
"Gauss bez pivotu",21.4759588242,0,21845
"Gauss z pivotem",22.101020813,0,22341
"LU bez pivotu",36.2190389633,4.66014144189e-13,21845
"LU z pivotem",40.6631612778,4.32439765488e-15,22341
"lu Octave",0.0559830665588,2.63379041524e-15,22341
